{"cameraMode":{"drawMode":0,"name":"Shaded","section":"Shading Mode"},"sceneLighting":false,"audioPlay":false,"sceneViewState":{"showFog":true,"showMaterialUpdate":false,"showSkybox":false,"showFlares":true,"showImageEffects":true,"showParticleSystems":true},"in2DMode":false,"pivot":{"x":0.003864884376525879,"y":0.6354995369911194,"z":-0.001174338161945343},"rotation":{"x":-0.2771209180355072,"y":0.21475990116596223,"z":-0.0636933445930481,"w":-0.9344151616096497},"size":2.7492101192474367,"orthographic":false}