{"cameraMode":{"drawMode":0,"name":"Shaded","section":"Shading Mode"},"sceneLighting":false,"audioPlay":false,"sceneViewState":{"showFog":true,"showMaterialUpdate":false,"showSkybox":false,"showFlares":true,"showImageEffects":true,"showParticleSystems":true},"in2DMode":false,"pivot":{"x":25.43952178955078,"y":6.66648006439209,"z":16.824655532836915},"rotation":{"x":-0.24941717088222505,"y":0.35660818219184878,"z":-0.10485759377479553,"w":-0.8942736387252808},"size":146.90240478515626,"orthographic":false}