{"cameraMode":{"drawMode":0,"name":"Shaded","section":"Shading Mode"},"sceneLighting":false,"audioPlay":false,"sceneViewState":{"showFog":true,"showMaterialUpdate":false,"showSkybox":false,"showFlares":true,"showImageEffects":true,"showParticleSystems":true},"in2DMode":false,"pivot":{"x":0.17533016204833985,"y":4.578897476196289,"z":0.21773815155029298},"rotation":{"x":-0.2166326493024826,"y":0.48941904306411745,"z":-0.1269584745168686,"w":-0.8351196646690369},"size":23.514204025268556,"orthographic":false}