{"cameraMode":{"drawMode":0,"name":"Shaded","section":"Shading Mode"},"sceneLighting":true,"audioPlay":false,"sceneViewState":{"showFog":true,"showMaterialUpdate":false,"showSkybox":true,"showFlares":true,"showImageEffects":true,"showParticleSystems":true},"in2DMode":false,"pivot":{"x":11.29159927368164,"y":24.056640625,"z":0.51953125},"rotation":{"x":-0.06805822253227234,"y":0.9265553951263428,"z":-0.24237820506095887,"w":-0.2798105776309967},"size":52.48491287231445,"orthographic":true}